step,elapsed_tokens,elapsed_examples,training_loss,training_sequence_accuracy,training_token_accuracy
1,818,2,1.625467821973218,0.0,0.5433333333333333
2,1636,4,1.5267929500659478,0.0,0.5871559633027523
3,2454,6,1.6969939024892495,0.0,0.5278688524590164
4,3272,8,1.4858199544841282,0.0,0.5978593272171254
